"row","col","corr"
"AAPL.PVol","AAPL.Vol",1.46486403865503e-05
"GOOG.PVol","AAPL.Vol",1.3900046898189e-05
"AMZN.PVol","AAPL.Vol",2.8957735616386e-05
"GSPC.PVol","AAPL.Vol",9.89376974145869e-06
"VIX.Close","AAPL.Vol",0.0120591841997328
"AAPL.Close","AAPL.Vol",-0.0114663515907367
"VXAPLCLS","AAPL.Vol",0.0242442028288909
"VXAZNCLS","AAPL.Vol",0.0355770196475004
"VXGOGCLS","AAPL.Vol",0.0228779154626693
"GOOG.Close","AAPL.Vol",-0.196451303747166
"AMZN.Close","AAPL.Vol",-0.139560098227866
"GSPC.Close","AAPL.Vol",-0.327642814418777
"Date","AAPL.Vol",-0.193183836478664
"AAPL.Ret","AAPL.Vol",-2.15115799765745e-05
"AMZN.Ret","AAPL.Vol",-1.06468683000978e-05
"GOOG.Ret","AAPL.Vol",-7.2848209313207e-06
"GSPC.Ret","AAPL.Vol",-8.28813353023942e-06
"AAPL.Vol","AAPL.Vol",3.97721444685787e-05
